<?xml version="1.0" encoding="UTF-8"?>
<root>
  <item name="com.afollestad.materialcamera.internal.BaseCameraFragment int getCurrentCameraPosition()">
    <annotation name="android.support.annotation.IntDef">
      <val name="value" val="{com.afollestad.materialcamera.internal.BaseCaptureActivity.CAMERA_POSITION_UNKNOWN, com.afollestad.materialcamera.internal.BaseCaptureActivity.CAMERA_POSITION_BACK, com.afollestad.materialcamera.internal.BaseCaptureActivity.CAMERA_POSITION_FRONT}" />
    </annotation>
  </item>
  <item name="com.afollestad.materialcamera.internal.BaseCaptureActivity.CameraPosition">
    <annotation name="android.support.annotation.IntDef">
      <val name="value" val="{com.afollestad.materialcamera.internal.BaseCaptureActivity.CAMERA_POSITION_UNKNOWN, com.afollestad.materialcamera.internal.BaseCaptureActivity.CAMERA_POSITION_BACK, com.afollestad.materialcamera.internal.BaseCaptureActivity.CAMERA_POSITION_FRONT}" />
    </annotation>
  </item>
  <item name="com.afollestad.materialcamera.internal.BaseCaptureActivity.FlashMode">
    <annotation name="android.support.annotation.IntDef">
      <val name="value" val="{com.afollestad.materialcamera.internal.BaseCaptureActivity.FLASH_MODE_OFF, com.afollestad.materialcamera.internal.BaseCaptureActivity.FLASH_MODE_ALWAYS_ON, com.afollestad.materialcamera.internal.BaseCaptureActivity.FLASH_MODE_AUTO}" />
    </annotation>
  </item>
  <item name="com.afollestad.materialcamera.internal.BaseCaptureInterface int getCurrentCameraPosition()">
    <annotation name="android.support.annotation.IntDef">
      <val name="value" val="{com.afollestad.materialcamera.internal.BaseCaptureActivity.CAMERA_POSITION_UNKNOWN, com.afollestad.materialcamera.internal.BaseCaptureActivity.CAMERA_POSITION_BACK, com.afollestad.materialcamera.internal.BaseCaptureActivity.CAMERA_POSITION_FRONT}" />
    </annotation>
  </item>
  <item name="com.afollestad.materialcamera.internal.BaseCaptureInterface int getFlashMode()">
    <annotation name="android.support.annotation.IntDef">
      <val name="value" val="{com.afollestad.materialcamera.internal.BaseCaptureActivity.FLASH_MODE_OFF, com.afollestad.materialcamera.internal.BaseCaptureActivity.FLASH_MODE_ALWAYS_ON, com.afollestad.materialcamera.internal.BaseCaptureActivity.FLASH_MODE_AUTO}" />
    </annotation>
  </item>
  <item name="com.afollestad.materialcamera.internal.Camera2Fragment mDisplayOrientation">
    <annotation name="android.support.annotation.IntDef">
      <val name="value" val="{com.afollestad.materialcamera.util.Degrees.DEGREES_0, com.afollestad.materialcamera.util.Degrees.DEGREES_90, com.afollestad.materialcamera.util.Degrees.DEGREES_180, com.afollestad.materialcamera.util.Degrees.DEGREES_270, com.afollestad.materialcamera.util.Degrees.DEGREES_360}" />
    </annotation>
  </item>
  <item name="com.afollestad.materialcamera.internal.VideoStreamView int getScreenOrientation(android.app.Activity)">
    <annotation name="android.support.annotation.IntDef">
      <val name="value" val="{android.content.pm.ActivityInfo.SCREEN_ORIENTATION_PORTRAIT, android.content.pm.ActivityInfo.SCREEN_ORIENTATION_LANDSCAPE, android.content.pm.ActivityInfo.SCREEN_ORIENTATION_REVERSE_PORTRAIT, android.content.pm.ActivityInfo.SCREEN_ORIENTATION_REVERSE_LANDSCAPE}" />
    </annotation>
  </item>
  <item name="com.afollestad.materialcamera.internal.VideoStreamView.ActivityOrientation">
    <annotation name="android.support.annotation.IntDef">
      <val name="value" val="{android.content.pm.ActivityInfo.SCREEN_ORIENTATION_PORTRAIT, android.content.pm.ActivityInfo.SCREEN_ORIENTATION_LANDSCAPE, android.content.pm.ActivityInfo.SCREEN_ORIENTATION_REVERSE_PORTRAIT, android.content.pm.ActivityInfo.SCREEN_ORIENTATION_REVERSE_LANDSCAPE}" />
    </annotation>
  </item>
</root>

