<?xml version="1.0" encoding="UTF-8"?>
<root>
  <item name="com.okhttplib.helper.HttpHelper okhttp3.Request buildRequest(com.okhttplib.HttpInfo, int) 1">
    <annotation name="android.support.annotation.IntDef">
      <val name="value" val="{com.okhttplib.annotation.RequestMethod.POST, com.okhttplib.annotation.RequestMethod.GET}" />
    </annotation>
  </item>
  <item name="com.okhttplib.helper.OkHttpHelper int getRequestMethod()">
    <annotation name="android.support.annotation.IntDef">
      <val name="value" val="{com.okhttplib.annotation.RequestMethod.POST, com.okhttplib.annotation.RequestMethod.GET}" />
    </annotation>
  </item>
  <item name="com.okhttplib.helper.OkHttpHelper requestMethod">
    <annotation name="android.support.annotation.IntDef">
      <val name="value" val="{com.okhttplib.annotation.RequestMethod.POST, com.okhttplib.annotation.RequestMethod.GET}" />
    </annotation>
  </item>
  <item name="com.okhttplib.helper.OkHttpHelper.Builder com.okhttplib.helper.OkHttpHelper.Builder requestMethod(int) 0">
    <annotation name="android.support.annotation.IntDef">
      <val name="value" val="{com.okhttplib.annotation.RequestMethod.POST, com.okhttplib.annotation.RequestMethod.GET}" />
    </annotation>
  </item>
  <item name="com.okhttplib.helper.OkHttpHelper.Builder requestMethod">
    <annotation name="android.support.annotation.IntDef">
      <val name="value" val="{com.okhttplib.annotation.RequestMethod.POST, com.okhttplib.annotation.RequestMethod.GET}" />
    </annotation>
  </item>
</root>

