<?xml version="1.0" encoding="UTF-8"?>
<root>
  <item name="com.okhttplib.OkHttpUtil.Builder com.okhttplib.OkHttpUtil.Builder setCacheLevel(int) 0">
    <annotation name="android.support.annotation.IntDef">
      <val name="value" val="{com.okhttplib.annotation.CacheLevel.FIRST_LEVEL, com.okhttplib.annotation.CacheLevel.SECOND_LEVEL, com.okhttplib.annotation.CacheLevel.THIRD_LEVEL, com.okhttplib.annotation.CacheLevel.FOURTH_LEVEL}" />
    </annotation>
  </item>
  <item name="com.okhttplib.OkHttpUtil.Builder com.okhttplib.OkHttpUtil.Builder setCacheType(int) 0">
    <annotation name="android.support.annotation.IntDef">
      <val name="value" val="{com.okhttplib.annotation.CacheType.FORCE_NETWORK, com.okhttplib.annotation.CacheType.FORCE_CACHE, com.okhttplib.annotation.CacheType.NETWORK_THEN_CACHE, com.okhttplib.annotation.CacheType.CACHE_THEN_NETWORK}" />
    </annotation>
  </item>
</root>

