<?xml version="1.0" encoding="UTF-8"?>
<root>
  <item name="com.okhttplib.annotation.CacheLevel">
    <annotation name="android.support.annotation.IntDef">
      <val name="value" val="{com.okhttplib.annotation.CacheLevel.FIRST_LEVEL, com.okhttplib.annotation.CacheLevel.SECOND_LEVEL, com.okhttplib.annotation.CacheLevel.THIRD_LEVEL, com.okhttplib.annotation.CacheLevel.FOURTH_LEVEL}" />
    </annotation>
  </item>
  <item name="com.okhttplib.annotation.CacheType">
    <annotation name="android.support.annotation.IntDef">
      <val name="value" val="{com.okhttplib.annotation.CacheType.FORCE_NETWORK, com.okhttplib.annotation.CacheType.FORCE_CACHE, com.okhttplib.annotation.CacheType.NETWORK_THEN_CACHE, com.okhttplib.annotation.CacheType.CACHE_THEN_NETWORK}" />
    </annotation>
  </item>
  <item name="com.okhttplib.annotation.DownloadStatus">
    <annotation name="android.support.annotation.StringDef">
      <val name="value" val="{com.okhttplib.annotation.DownloadStatus.INIT, com.okhttplib.annotation.DownloadStatus.DOWNLOADING, com.okhttplib.annotation.DownloadStatus.PAUSE, com.okhttplib.annotation.DownloadStatus.COMPLETED}" />
    </annotation>
  </item>
  <item name="com.okhttplib.annotation.RequestMethod">
    <annotation name="android.support.annotation.IntDef">
      <val name="value" val="{com.okhttplib.annotation.RequestMethod.POST, com.okhttplib.annotation.RequestMethod.GET}" />
    </annotation>
  </item>
</root>

