<?xml version="1.0" encoding="UTF-8"?>
<root>
  <item name="com.afollestad.materialcamera.MaterialCamera com.afollestad.materialcamera.MaterialCamera qualityProfile(int) 0">
    <annotation name="android.support.annotation.IntDef">
      <val name="value" val="{com.afollestad.materialcamera.MaterialCamera.QUALITY_HIGH, com.afollestad.materialcamera.MaterialCamera.QUALITY_LOW, com.afollestad.materialcamera.MaterialCamera.QUALITY_480P, com.afollestad.materialcamera.MaterialCamera.QUALITY_720P, com.afollestad.materialcamera.MaterialCamera.QUALITY_1080P}" />
    </annotation>
  </item>
  <item name="com.afollestad.materialcamera.MaterialCamera.QualityProfile">
    <annotation name="android.support.annotation.IntDef">
      <val name="value" val="{com.afollestad.materialcamera.MaterialCamera.QUALITY_HIGH, com.afollestad.materialcamera.MaterialCamera.QUALITY_LOW, com.afollestad.materialcamera.MaterialCamera.QUALITY_480P, com.afollestad.materialcamera.MaterialCamera.QUALITY_720P, com.afollestad.materialcamera.MaterialCamera.QUALITY_1080P}" />
    </annotation>
  </item>
</root>

